label_key,source_samples,processed_samples,eligible,exclusion_reason
,15,0,False,class_not_eligible
0,2,2,False,insufficient_processed_samples
1,1,0,False,class_not_eligible
10,4,4,True,
100,2,2,False,insufficient_processed_samples
1000,3,3,True,
10000,3,3,True,
100000,3,3,True,
1000000,3,3,True,
11,5,5,True,
12,5,5,True,
13,4,4,True,
14,5,5,True,
15,5,5,True,
16,6,6,True,
17,6,6,True,
18,6,6,True,
19,6,6,True,
2,1,0,False,class_not_eligible
20,2,2,False,insufficient_processed_samples
21,2,2,False,insufficient_processed_samples
22,2,2,False,insufficient_processed_samples
23,2,2,False,insufficient_processed_samples
24,2,2,False,insufficient_processed_samples
25,2,2,False,insufficient_processed_samples
26,2,2,False,insufficient_processed_samples
27,2,2,False,insufficient_processed_samples
28,2,2,False,insufficient_processed_samples
29,2,2,False,insufficient_processed_samples
3,2,2,False,insufficient_processed_samples
30,2,2,False,insufficient_processed_samples
31,2,2,False,insufficient_processed_samples
32,2,2,False,insufficient_processed_samples
33,2,2,False,insufficient_processed_samples
34,2,2,False,insufficient_processed_samples
35,2,2,False,insufficient_processed_samples
36,2,2,False,insufficient_processed_samples
37,2,2,False,insufficient_processed_samples
38,2,2,False,insufficient_processed_samples
39,2,2,False,insufficient_processed_samples
4,1,0,False,class_not_eligible
40,2,2,False,insufficient_processed_samples
5,1,0,False,class_not_eligible
50,2,2,False,insufficient_processed_samples
6,2,2,False,insufficient_processed_samples
60,1,0,False,class_not_eligible
7,2,2,False,insufficient_processed_samples
70,1,0,False,class_not_eligible
8,2,2,False,insufficient_processed_samples
80,1,0,False,class_not_eligible
9,2,2,False,insufficient_processed_samples
90,1,0,False,class_not_eligible
اب,5,5,True,
ابتسم,2,2,False,insufficient_processed_samples
ابجدية,3,3,True,
ابدا,1,0,False,class_not_eligible
ابراهيم_عليه_السلام,1,0,False,class_not_eligible
ابرة,2,2,False,insufficient_processed_samples
ابريق,1,0,False,class_not_eligible
ابريل,3,3,True,
ابط,1,0,False,class_not_eligible
ابن,2,2,False,insufficient_processed_samples
ابن_العم,2,2,False,insufficient_processed_samples
ابهام,1,0,False,class_not_eligible
ابيض,2,2,False,insufficient_processed_samples
اتجاه,1,0,False,class_not_eligible
اتحاد,3,3,True,
اتصل,1,0,False,class_not_eligible
اتفق,1,0,False,class_not_eligible
اتهم,1,0,False,class_not_eligible
اتوبيس,2,2,False,insufficient_processed_samples
اثاث,3,3,True,
اثناء,3,3,True,
اثنان,1,0,False,class_not_eligible
اجاز,1,0,False,class_not_eligible
اجاص,1,0,False,class_not_eligible
اجتماع,3,3,True,
اجداد,2,2,False,insufficient_processed_samples
اجرة,2,2,False,insufficient_processed_samples
اجل,3,3,True,
اجماع,2,2,False,insufficient_processed_samples
اجنبي,4,4,True,
اجهش_بالبكاء,3,3,True,
احب,5,5,True,
احتج,1,0,False,class_not_eligible
احتفظ,3,3,True,
احتكاك,1,0,False,class_not_eligible
احذر,1,0,False,class_not_eligible
احس,2,2,False,insufficient_processed_samples
احضر,1,0,False,class_not_eligible
احمر,2,2,False,insufficient_processed_samples
احمر_الشفاه,1,0,False,class_not_eligible
احمق,3,3,True,
احول,2,2,False,insufficient_processed_samples
احيانا,2,2,False,insufficient_processed_samples
اخ,2,2,False,insufficient_processed_samples
اخبر,2,2,False,insufficient_processed_samples
اخت,1,0,False,class_not_eligible
اختار,1,0,False,class_not_eligible
اختبا,2,2,False,insufficient_processed_samples
اختراق,1,0,False,class_not_eligible
اختفي,1,0,False,class_not_eligible
اخذ,2,2,False,insufficient_processed_samples
اخر,2,2,False,insufficient_processed_samples
اخصايي_الاذن_والانف_والحنجرة,1,0,False,class_not_eligible
اخصايي_الاسنان,1,0,False,class_not_eligible
اخصايي_الصدر,1,0,False,class_not_eligible
اخصايي_العظم,2,2,False,insufficient_processed_samples
اخصايي_العيون,1,0,False,class_not_eligible
اخصايي_الكبد,1,0,False,class_not_eligible
اخصايي_المعدة,1,0,False,class_not_eligible
اخصايي_الولادة,2,2,False,insufficient_processed_samples
اخضر,2,2,False,insufficient_processed_samples
اخطا,1,0,False,class_not_eligible
اخير,3,3,True,
اخيرا,2,2,False,insufficient_processed_samples
ادارة,2,2,False,insufficient_processed_samples
ادخر,2,2,False,insufficient_processed_samples
ادرك,2,2,False,insufficient_processed_samples
ادي,1,0,False,class_not_eligible
اذا,3,3,True,
اذاعة,2,2,False,insufficient_processed_samples
اذن,1,0,False,class_not_eligible
اراد,2,2,False,insufficient_processed_samples
اربطة_الحذاء,3,3,True,
اربعة,1,0,False,class_not_eligible
ارتاح,3,3,True,
ارتطم,1,0,False,class_not_eligible
ارجوحة,1,0,False,class_not_eligible
ارز,2,2,False,insufficient_processed_samples
اركان_الاسلام,3,3,True,
ارنب,3,3,True,
اريكة,2,2,False,insufficient_processed_samples
ازال,2,2,False,insufficient_processed_samples
ازرق,3,3,True,
اسبانيا,2,2,False,insufficient_processed_samples
اسبوع,1,0,False,class_not_eligible
استاذ,3,3,True,
استدعي,2,2,False,insufficient_processed_samples
استراحة,2,2,False,insufficient_processed_samples
استقبل,1,0,False,class_not_eligible
استقر,1,0,False,class_not_eligible
استمتع,2,2,False,insufficient_processed_samples
استيقظ,1,0,False,class_not_eligible
اسد,2,2,False,insufficient_processed_samples
اسس,1,0,False,class_not_eligible
اسطوانة,1,0,False,class_not_eligible
اسف,2,2,False,insufficient_processed_samples
اسفل,1,0,False,class_not_eligible
اسفي,1,0,False,class_not_eligible
اسكافي,3,3,True,
اسم,1,0,False,class_not_eligible
اسود,3,3,True,
اشارة,1,0,False,class_not_eligible
اشارة_مايلة,1,0,False,class_not_eligible
اشارة_مايلة_معاكسة,1,0,False,class_not_eligible
اشاع,1,0,False,class_not_eligible
اشتراك_الهاتف,1,0,False,class_not_eligible
اشتري,1,0,False,class_not_eligible
اشميزاز,1,0,False,class_not_eligible
اصابة_هدف,1,0,False,class_not_eligible
اصبح,2,2,False,insufficient_processed_samples
اصبع,1,0,False,class_not_eligible
اصبع_القدم,2,2,False,insufficient_processed_samples
اصفر,2,2,False,insufficient_processed_samples
اصلح,1,0,False,class_not_eligible
اصلع,1,0,False,class_not_eligible
اصم,2,2,False,insufficient_processed_samples
اصيلة,2,2,False,insufficient_processed_samples
اضاف,2,2,False,insufficient_processed_samples
اطروحة,1,0,False,class_not_eligible
اطفا,2,2,False,insufficient_processed_samples
اعاد,2,2,False,insufficient_processed_samples
اعاقة_ذهنية,2,2,False,insufficient_processed_samples
اعتاد,2,2,False,insufficient_processed_samples
اعترض,1,0,False,class_not_eligible
اعزب,3,3,True,
اعطي,1,0,False,class_not_eligible
اعلم,1,0,False,class_not_eligible
اعمي,2,2,False,insufficient_processed_samples
اغلق,1,0,False,class_not_eligible
اغمض,1,0,False,class_not_eligible
افترق,1,0,False,class_not_eligible
افرغ,1,0,False,class_not_eligible
افريقيا,3,3,True,
افغانستان,2,2,False,insufficient_processed_samples
اقتطاع,2,2,False,insufficient_processed_samples
اقسم,3,3,True,
اقل,1,0,False,class_not_eligible
اكادير,1,0,False,class_not_eligible
اكتشف,1,0,False,class_not_eligible
اكتوبر,3,3,True,
اكثر,2,2,False,insufficient_processed_samples
اكل,1,0,False,class_not_eligible
اكورديون,1,0,False,class_not_eligible
الاثنين,1,0,False,class_not_eligible
الاحد,2,2,False,insufficient_processed_samples
الاخرة,3,3,True,
الاذان,1,0,False,class_not_eligible
الاربعاء,3,3,True,
الاردن,1,0,False,class_not_eligible
الامارات_العربية_المتحدة,4,4,True,
الامن_الوطني,1,0,False,class_not_eligible
الان,2,2,False,insufficient_processed_samples
الانجليزية,1,0,False,class_not_eligible
الانجيل,2,2,False,insufficient_processed_samples
البحرين,1,0,False,class_not_eligible
البطاقة_الوطنية,3,3,True,
الة_التحكم,1,0,False,class_not_eligible
الة_التصبين,1,0,False,class_not_eligible
الة_الحلاقة,2,2,False,insufficient_processed_samples
الة_تصوير,1,0,False,class_not_eligible
الة_حاسبة,2,2,False,insufficient_processed_samples
الة_حلاقة_كهربايية,1,0,False,class_not_eligible
الة_خياطة,1,0,False,class_not_eligible
الة_قياس_الوزن,2,2,False,insufficient_processed_samples
الة_كاتبة,1,0,False,class_not_eligible
التحق,1,0,False,class_not_eligible
الثلاثاء,4,4,True,
الجديدة,2,2,False,insufficient_processed_samples
الجزاير,1,0,False,class_not_eligible
الجمع,1,0,False,class_not_eligible
الجمعة,1,0,False,class_not_eligible
الحاجب,1,0,False,class_not_eligible
الحديث_النبوي,2,2,False,insufficient_processed_samples
الحسيمة,1,0,False,class_not_eligible
الحمد_لله,1,0,False,class_not_eligible
الخريف,2,2,False,insufficient_processed_samples
الخطاب_الملكي,2,2,False,insufficient_processed_samples
الخميس,1,0,False,class_not_eligible
الخميسات,1,0,False,class_not_eligible
الدار_البيضاء,1,0,False,class_not_eligible
الرباط,1,0,False,class_not_eligible
الربيع,4,4,True,
السبت,2,2,False,insufficient_processed_samples
السعودية,2,2,False,insufficient_processed_samples
السلام_عليكم,1,0,False,class_not_eligible
الشتاء,3,3,True,
الصحابة,1,0,False,class_not_eligible
الصرف_في_اللغة,1,0,False,class_not_eligible
الصيف,3,3,True,
الصين,1,0,False,class_not_eligible
العاب_القوي,2,2,False,insufficient_processed_samples
العراق,2,2,False,insufficient_processed_samples
العرايش,1,0,False,class_not_eligible
العربية,1,0,False,class_not_eligible
الف_درهم,1,0,False,class_not_eligible
الفرنسية,1,0,False,class_not_eligible
القبلة,3,3,True,
القدس,1,0,False,class_not_eligible
القناة_الاولي,1,0,False,class_not_eligible
القناة_الثانية,2,2,False,insufficient_processed_samples
القناة_الرياضية,1,0,False,class_not_eligible
القنيطرة,1,0,False,class_not_eligible
الكرة_الارضية,2,2,False,insufficient_processed_samples
الله,3,3,True,
الليلة,1,0,False,class_not_eligible
الم,2,2,False,insufficient_processed_samples
المحمدية,1,0,False,class_not_eligible
المسجد_الحرام,1,0,False,class_not_eligible
المسجد_النبوي,1,0,False,class_not_eligible
المسيرة_الخضراء,2,2,False,insufficient_processed_samples
المغرب,1,0,False,class_not_eligible
الناظور,1,0,False,class_not_eligible
النمسا,1,0,False,class_not_eligible
الوزارة_المكلفة_بادماج_المعاقين,1,0,False,class_not_eligible
الولايات_المتحدة_الامريكية,2,2,False,insufficient_processed_samples
الي,3,3,True,
اليابان,2,2,False,insufficient_processed_samples
اليوم,1,0,False,class_not_eligible
ام,4,4,True,
امام,4,4,True,
امتحان,2,2,False,insufficient_processed_samples
امر,1,0,False,class_not_eligible
امراة,2,2,False,insufficient_processed_samples
امس,2,2,False,insufficient_processed_samples
امسك,1,0,False,class_not_eligible
امعاء,3,3,True,
امل,1,0,False,class_not_eligible
املاء,3,3,True,
ان,1,0,False,class_not_eligible
انا,1,0,False,class_not_eligible
اناء,1,0,False,class_not_eligible
انانس,2,2,False,insufficient_processed_samples
انت,3,3,True,
انتخب,1,0,False,class_not_eligible
انتصر,1,0,False,class_not_eligible
انتظر,2,2,False,insufficient_processed_samples
انتعش,1,0,False,class_not_eligible
انتقل,2,2,False,insufficient_processed_samples
انتم,3,3,True,
انتما,1,0,False,class_not_eligible
انتهي,2,2,False,insufficient_processed_samples
انجلترا,1,0,False,class_not_eligible
انخرط,2,2,False,insufficient_processed_samples
انخفاض,1,0,False,class_not_eligible
اندمج,1,0,False,class_not_eligible
انسحب,1,0,False,class_not_eligible
انف,1,0,False,class_not_eligible
انفجر,1,0,False,class_not_eligible
انقذ,1,0,False,class_not_eligible
انقطاع_الكهرباء,2,2,False,insufficient_processed_samples
انيق,1,0,False,class_not_eligible
او,2,2,False,insufficient_processed_samples
اوزة,1,0,False,class_not_eligible
اوقف,2,2,False,insufficient_processed_samples
اول_مرة,2,2,False,insufficient_processed_samples
اولا,1,0,False,class_not_eligible
اولمبياد,1,0,False,class_not_eligible
ايصال,2,2,False,insufficient_processed_samples
ايضا,1,0,False,class_not_eligible
ايطاليا,2,2,False,insufficient_processed_samples
ايل,1,0,False,class_not_eligible
ايمان,4,4,True,
اين,2,2,False,insufficient_processed_samples
باب,1,0,False,class_not_eligible
بادية,2,2,False,insufficient_processed_samples
باذنجان,2,2,False,insufficient_processed_samples
بارد,1,0,False,class_not_eligible
بازلاء,2,2,False,insufficient_processed_samples
باع,2,2,False,insufficient_processed_samples
باقة_ورد,1,0,False,class_not_eligible
باكالوريا,1,0,False,class_not_eligible
باكرا,1,0,False,class_not_eligible
بالون,1,0,False,class_not_eligible
بايع_الصحف,2,2,False,insufficient_processed_samples
ببغاء,2,2,False,insufficient_processed_samples
بترول,1,0,False,class_not_eligible
بحر,1,0,False,class_not_eligible
بخار_الماء,2,2,False,insufficient_processed_samples
بدا,2,2,False,insufficient_processed_samples
بدين,1,0,False,class_not_eligible
بذلة,1,0,False,class_not_eligible
بر,1,0,False,class_not_eligible
براد_الشاي,1,0,False,class_not_eligible
برايل,1,0,False,class_not_eligible
برتقال,1,0,False,class_not_eligible
برد,1,0,False,class_not_eligible
برغي,1,0,False,class_not_eligible
برق,1,0,False,class_not_eligible
بسطيلة,1,0,False,class_not_eligible
بسكويت,2,2,False,insufficient_processed_samples
بصق,1,0,False,class_not_eligible
بصلة,1,0,False,class_not_eligible
بصمة,1,0,False,class_not_eligible
بطارية,1,0,False,class_not_eligible
بطاطس,1,0,False,class_not_eligible
بطاطس_محمرة,1,0,False,class_not_eligible
بطاقة,1,0,False,class_not_eligible
بطالة,1,0,False,class_not_eligible
بطة,1,0,False,class_not_eligible
بطريق,1,0,False,class_not_eligible
بطل,1,0,False,class_not_eligible
بطن,2,2,False,insufficient_processed_samples
بعث,3,3,True,
بعد,3,3,True,
بعض,1,0,False,class_not_eligible
بعيد,1,0,False,class_not_eligible
بقرة,2,2,False,insufficient_processed_samples
بقي,1,0,False,class_not_eligible
بكي,1,0,False,class_not_eligible
بل_ولكن,2,2,False,insufficient_processed_samples
بلاستيك,1,0,False,class_not_eligible
بلغاريا,2,2,False,insufficient_processed_samples
بلغة,1,0,False,class_not_eligible
بماذا,1,0,False,class_not_eligible
بنت,1,0,False,class_not_eligible
بهلول,1,0,False,class_not_eligible
بوصلة,1,0,False,class_not_eligible
بولندا,1,0,False,class_not_eligible
بومة,2,2,False,insufficient_processed_samples
بيانو,1,0,False,class_not_eligible
بيتزا,3,3,True,
بير,1,0,False,class_not_eligible
بيض,1,0,False,class_not_eligible
بيكار,1,0,False,class_not_eligible
بييس,1,0,False,class_not_eligible
تاج,1,0,False,class_not_eligible
تاريخ,1,0,False,class_not_eligible
تاسف,1,0,False,class_not_eligible
تاشيرة,1,0,False,class_not_eligible
تاكد,1,0,False,class_not_eligible
تاوريرت,1,0,False,class_not_eligible
تبادل,1,0,False,class_not_eligible
تبع,1,0,False,class_not_eligible
تجذيف,1,0,False,class_not_eligible
تخدير,1,0,False,class_not_eligible
تخطيط_الصدي,1,0,False,class_not_eligible
تخفيض,2,2,False,insufficient_processed_samples
تخلي,1,0,False,class_not_eligible
تذكر,2,2,False,insufficient_processed_samples
تراب,1,0,False,class_not_eligible
تربية,2,2,False,insufficient_processed_samples
ترقية,1,0,False,class_not_eligible
ترك_المكان,1,0,False,class_not_eligible
تركيا,1,0,False,class_not_eligible
تسلق_الجبال,1,0,False,class_not_eligible
تسوس_الاسنان,1,0,False,class_not_eligible
تشاجر,1,0,False,class_not_eligible
تشجيع,1,0,False,class_not_eligible
تشنج,1,0,False,class_not_eligible
تشهد,1,0,False,class_not_eligible
تطوان,1,0,False,class_not_eligible
تعادل,1,0,False,class_not_eligible
تعبير_الوجه,1,0,False,class_not_eligible
تعبير_شفوي,1,0,False,class_not_eligible
تعبير_كتابي,1,0,False,class_not_eligible
تعليم,1,0,False,class_not_eligible
تفاحة,1,0,False,class_not_eligible
تفاهم,1,0,False,class_not_eligible
تقاعد,1,0,False,class_not_eligible
تقدم,1,0,False,class_not_eligible
تقريبا,1,0,False,class_not_eligible
تقيا,1,0,False,class_not_eligible
تكلم,1,0,False,class_not_eligible
تكوين,1,0,False,class_not_eligible
تل,1,0,False,class_not_eligible
تلخيص,2,2,False,insufficient_processed_samples
تلفاز,1,0,False,class_not_eligible
تلفاز_بلازما,1,0,False,class_not_eligible
تلقيح,1,0,False,class_not_eligible
تلميذ,2,2,False,insufficient_processed_samples
تمرين,2,2,False,insufficient_processed_samples
تمساح,1,0,False,class_not_eligible
تنظيف_البيت,1,0,False,class_not_eligible
تنورة,1,0,False,class_not_eligible
توابل,1,0,False,class_not_eligible
توام,1,0,False,class_not_eligible
توحد,1,0,False,class_not_eligible
توسط,1,0,False,class_not_eligible
توفي,1,0,False,class_not_eligible
توقيع,1,0,False,class_not_eligible
تونس,1,0,False,class_not_eligible
ث,2,2,False,insufficient_processed_samples
ثان,1,0,False,class_not_eligible
ثرثار,1,0,False,class_not_eligible
ثريا,1,0,False,class_not_eligible
ثعبان,1,0,False,class_not_eligible
ثعلب,1,0,False,class_not_eligible
ثقافة,1,0,False,class_not_eligible
ثقيل,1,0,False,class_not_eligible
ثلاجة,1,0,False,class_not_eligible
ثلث,1,0,False,class_not_eligible
ثلج,1,0,False,class_not_eligible
ثم,2,2,False,insufficient_processed_samples
ثمن,1,0,False,class_not_eligible
ثوب,1,0,False,class_not_eligible
ثور_امريكي,1,0,False,class_not_eligible
ثورة_الملك_والشعب,1,0,False,class_not_eligible
جاء,1,0,False,class_not_eligible
جار,1,0,False,class_not_eligible
جاف,1,0,False,class_not_eligible
جاكيت,1,0,False,class_not_eligible
جال,1,0,False,class_not_eligible
جامعة,1,0,False,class_not_eligible
جانب,1,0,False,class_not_eligible
جاهل,1,0,False,class_not_eligible
جايزة,1,0,False,class_not_eligible
جايع,1,0,False,class_not_eligible
جبل,1,0,False,class_not_eligible
جبن_احمر,1,0,False,class_not_eligible
جبنة,1,0,False,class_not_eligible
جبهة,1,0,False,class_not_eligible
جد,1,0,False,class_not_eligible
جدة,1,0,False,class_not_eligible
جدي,1,0,False,class_not_eligible
جديد,2,2,False,insufficient_processed_samples
جذاب,1,0,False,class_not_eligible
جذر_الشجرة,1,0,False,class_not_eligible
جر,1,0,False,class_not_eligible
جراحة,1,0,False,class_not_eligible
جراد,1,0,False,class_not_eligible
جرار,1,0,False,class_not_eligible
جرافة,1,0,False,class_not_eligible
جرح,1,0,False,class_not_eligible
جرس,1,0,False,class_not_eligible
جرس_مضيء,1,0,False,class_not_eligible
جري,1,0,False,class_not_eligible
جريدة,2,2,False,insufficient_processed_samples
جزار,1,0,False,class_not_eligible
جزازة_العشب,1,0,False,class_not_eligible
جزر,1,0,False,class_not_eligible
جسر,1,0,False,class_not_eligible
جسم,1,0,False,class_not_eligible
جغرافيا,1,0,False,class_not_eligible
جفاف,2,2,False,insufficient_processed_samples
جفن,1,0,False,class_not_eligible
جلباب,1,0,False,class_not_eligible
جلس,2,2,False,insufficient_processed_samples
جليسة_اطفال,1,0,False,class_not_eligible
جمارك,2,2,False,insufficient_processed_samples
جماعة_حضرية,1,0,False,class_not_eligible
جماعة_قروية,2,2,False,insufficient_processed_samples
جمع,1,0,False,class_not_eligible
جمعية,1,0,False,class_not_eligible
جمعية_اباء_واولياء_التلاميذ,1,0,False,class_not_eligible
جمل,1,0,False,class_not_eligible
جملة,1,0,False,class_not_eligible
جميل,2,2,False,insufficient_processed_samples
جناح_طايرة,1,0,False,class_not_eligible
جنازة,1,0,False,class_not_eligible
جنس,1,0,False,class_not_eligible
جنوب,1,0,False,class_not_eligible
جهاز_عرض,1,0,False,class_not_eligible
جو,1,0,False,class_not_eligible
جواب,2,2,False,insufficient_processed_samples
جواز_سفر,1,0,False,class_not_eligible
جوزة_الهند,1,0,False,class_not_eligible
جيب,1,0,False,class_not_eligible
جيد,1,0,False,class_not_eligible
جيش,1,0,False,class_not_eligible
جيل_الشعر,1,0,False,class_not_eligible
جينز,1,0,False,class_not_eligible
حاجب,1,0,False,class_not_eligible
حاجز,1,0,False,class_not_eligible
حادثة_سير,1,0,False,class_not_eligible
حاذق,1,0,False,class_not_eligible
حار,1,0,False,class_not_eligible
حارس,1,0,False,class_not_eligible
حارس_المرمي,1,0,False,class_not_eligible
حارس_شخصي,1,0,False,class_not_eligible
حاسوب_محمول,1,0,False,class_not_eligible
حاضر,1,0,False,class_not_eligible
حافظ_علي_الشيء,1,0,False,class_not_eligible
حافلة,1,0,False,class_not_eligible
حامل,1,0,False,class_not_eligible
حايط,1,0,False,class_not_eligible
حب_الشباب,1,0,False,class_not_eligible
حبار,1,0,False,class_not_eligible
حبوب,1,0,False,class_not_eligible
حجة,1,0,False,class_not_eligible
حجر,1,0,False,class_not_eligible
حجرة_نوم,1,0,False,class_not_eligible
حديد,1,0,False,class_not_eligible
حديقة,2,2,False,insufficient_processed_samples
حديقة_الحيوانات,1,0,False,class_not_eligible
حذاء,1,0,False,class_not_eligible
حذاء_برقبة,1,0,False,class_not_eligible
حذاء_رياضي,1,0,False,class_not_eligible
حذر,1,0,False,class_not_eligible
حر,2,2,False,insufficient_processed_samples
حرارة,1,0,False,class_not_eligible
حريرة,1,0,False,class_not_eligible
حريق,1,0,False,class_not_eligible
حزين,2,2,False,insufficient_processed_samples
حشرة,1,0,False,class_not_eligible
حصالة,1,0,False,class_not_eligible
حصان,2,2,False,insufficient_processed_samples
حفارة,1,0,False,class_not_eligible
حفاظة,1,0,False,class_not_eligible
حفل,2,2,False,insufficient_processed_samples
حق,1,0,False,class_not_eligible
حقيبة,1,0,False,class_not_eligible
حقيبة_الجيب,1,0,False,class_not_eligible
حقيبة_الظهر,1,0,False,class_not_eligible
حقيبة_اليد,1,0,False,class_not_eligible
حقير,1,0,False,class_not_eligible
حكم_مباراة,1,0,False,class_not_eligible
حكومة,1,0,False,class_not_eligible
حكي,1,0,False,class_not_eligible
حكيم,1,0,False,class_not_eligible
حلزون,1,0,False,class_not_eligible
حلقة_اذن,1,0,False,class_not_eligible
حلو,1,0,False,class_not_eligible
حلوي,1,0,False,class_not_eligible
حليب,1,0,False,class_not_eligible
حمار,1,0,False,class_not_eligible
حمار_وحشي,3,3,True,
حماس,1,0,False,class_not_eligible
حمام,1,0,False,class_not_eligible
حمامة,1,0,False,class_not_eligible
حماية,2,2,False,insufficient_processed_samples
حمص,1,0,False,class_not_eligible
حمل,2,2,False,insufficient_processed_samples
حمية,1,0,False,class_not_eligible
حناء,1,0,False,class_not_eligible
حنجرة_ملتهبة,1,0,False,class_not_eligible
حوار,1,0,False,class_not_eligible
حوت,1,0,False,class_not_eligible
حوض_استحمام,1,0,False,class_not_eligible
حي_سكني,1,0,False,class_not_eligible
حياة,1,0,False,class_not_eligible
حيوان,2,2,False,insufficient_processed_samples
خاتم,1,0,False,class_not_eligible
خادم,1,0,False,class_not_eligible
خارج,1,0,False,class_not_eligible
خالة,1,0,False,class_not_eligible
خايف,1,0,False,class_not_eligible
خبا,1,0,False,class_not_eligible
خبز,1,0,False,class_not_eligible
ختان,1,0,False,class_not_eligible
خجول,1,0,False,class_not_eligible
خد,1,0,False,class_not_eligible
خدش,1,0,False,class_not_eligible
خدع,3,3,True,
خرج,3,3,True,
خرز,1,0,False,class_not_eligible
خرشوف,1,0,False,class_not_eligible
خروف,1,0,False,class_not_eligible
خريبكة,1,0,False,class_not_eligible
خرير,2,2,False,insufficient_processed_samples
خزانة,1,0,False,class_not_eligible
خسر,2,2,False,insufficient_processed_samples
خشب,1,0,False,class_not_eligible
خطا,1,0,False,class_not_eligible
خفقان_القلب,1,0,False,class_not_eligible
خل,1,0,False,class_not_eligible
خلف,1,0,False,class_not_eligible
خمر,1,0,False,class_not_eligible
خمس_مية_درهم,1,0,False,class_not_eligible
خمسة,1,0,False,class_not_eligible
خمسة_الاف_درهم,1,0,False,class_not_eligible
خمسة_دراهم,1,0,False,class_not_eligible
خمسون_درهما,1,0,False,class_not_eligible
خنزير,1,0,False,class_not_eligible
خنزير_بري,1,0,False,class_not_eligible
خنفساء,1,0,False,class_not_eligible
خنوص,1,0,False,class_not_eligible
خوخ,1,0,False,class_not_eligible
خوذة,1,0,False,class_not_eligible
خياطة,1,0,False,class_not_eligible
خيط,1,0,False,class_not_eligible
خيمة,1,0,False,class_not_eligible
داخل,1,0,False,class_not_eligible
دار_الشباب,1,0,False,class_not_eligible
دار_سك_النقود,1,0,False,class_not_eligible
دب,2,2,False,insufficient_processed_samples
دباسة,1,0,False,class_not_eligible
دبلوم,1,0,False,class_not_eligible
دجاج_بلدي,1,0,False,class_not_eligible
دجاجة,2,2,False,insufficient_processed_samples
دجنبر,4,4,True,
دخل,1,0,False,class_not_eligible
دخن,1,0,False,class_not_eligible
دراجة_نارية,1,0,False,class_not_eligible
دراجة_هوايية,1,0,False,class_not_eligible
درج,2,2,False,insufficient_processed_samples
درس,3,3,True,
درهم,2,2,False,insufficient_processed_samples
دشن,1,0,False,class_not_eligible
دغدغ,1,0,False,class_not_eligible
دفاع,3,3,True,
دفتر,3,3,True,
دفع,1,0,False,class_not_eligible
دلفين,1,0,False,class_not_eligible
دلو,1,0,False,class_not_eligible
دم,3,3,True,
دماغ,2,2,False,insufficient_processed_samples
دملج,1,0,False,class_not_eligible
دمية,2,2,False,insufficient_processed_samples
دمية_دب,1,0,False,class_not_eligible
دهان,1,0,False,class_not_eligible
دهش,1,0,False,class_not_eligible
دواء,1,0,False,class_not_eligible
دودة,1,0,False,class_not_eligible
دولار,1,0,False,class_not_eligible
ديك,2,2,False,insufficient_processed_samples
ديك_رومي,1,0,False,class_not_eligible
ذاق,1,0,False,class_not_eligible
ذاكرة,1,0,False,class_not_eligible
ذبابة,1,0,False,class_not_eligible
ذراع,1,0,False,class_not_eligible
ذرة,1,0,False,class_not_eligible
ذقن,1,0,False,class_not_eligible
ذهابا_وايابا,1,0,False,class_not_eligible
ذهب,3,3,True,
ذيب,1,0,False,class_not_eligible
ذيل,1,0,False,class_not_eligible
راجع,2,2,False,insufficient_processed_samples
راجل,1,0,False,class_not_eligible
راس,2,2,False,insufficient_processed_samples
راشد,2,2,False,insufficient_processed_samples
راقب,2,2,False,insufficient_processed_samples
راي,1,0,False,class_not_eligible
ربح,1,0,False,class_not_eligible
ربما,1,0,False,class_not_eligible
رجل,2,2,False,insufficient_processed_samples
رخصة_السياقة,1,0,False,class_not_eligible
رزق,1,0,False,class_not_eligible
رسم,1,0,False,class_not_eligible
رش,1,0,False,class_not_eligible
رشفة,1,0,False,class_not_eligible
رشوة,1,0,False,class_not_eligible
رصاص,1,0,False,class_not_eligible
رضاعة,1,0,False,class_not_eligible
رضيع,1,0,False,class_not_eligible
رعد,1,0,False,class_not_eligible
رفض,1,0,False,class_not_eligible
رقايق_بطاطس_مقلية,1,0,False,class_not_eligible
رقايق_حبوب_الافطار,1,0,False,class_not_eligible
رقص,1,0,False,class_not_eligible
ركب,1,0,False,class_not_eligible
ركبة,1,0,False,class_not_eligible
ركز,1,0,False,class_not_eligible
ركل,1,0,False,class_not_eligible
ركن,1,0,False,class_not_eligible
رمادي,1,0,False,class_not_eligible
رمان,1,0,False,class_not_eligible
رمز,1,0,False,class_not_eligible
رمضان,2,2,False,insufficient_processed_samples
رمل,1,0,False,class_not_eligible
رمي_الرمح,1,0,False,class_not_eligible
روح,1,0,False,class_not_eligible
روضة_اطفال,1,0,False,class_not_eligible
رياضة,1,0,False,class_not_eligible
رياضيات,1,0,False,class_not_eligible
رية,1,0,False,class_not_eligible
ريح,1,0,False,class_not_eligible
رييس_المطبخ,1,0,False,class_not_eligible
رييس_جوقة,1,0,False,class_not_eligible
زار,2,2,False,insufficient_processed_samples
زايد,1,0,False,class_not_eligible
زبادي,1,0,False,class_not_eligible
زبدة,1,0,False,class_not_eligible
زبيب,1,0,False,class_not_eligible
زجاج,1,0,False,class_not_eligible
زحلوقة,1,0,False,class_not_eligible
زر,1,0,False,class_not_eligible
زرافة,2,2,False,insufficient_processed_samples
زربية,1,0,False,class_not_eligible
زرع,3,3,True,
زكاة_الفطر,1,0,False,class_not_eligible
زكام,1,0,False,class_not_eligible
زليج,1,0,False,class_not_eligible
زميل_القسم,1,0,False,class_not_eligible
زهرة,2,2,False,insufficient_processed_samples
زواج,1,0,False,class_not_eligible
زيتون,1,0,False,class_not_eligible
سابقا,1,0,False,class_not_eligible
ساحة_المدرسة,1,0,False,class_not_eligible
ساحر,1,0,False,class_not_eligible
ساخن,2,2,False,insufficient_processed_samples
ساعة_حايط,1,0,False,class_not_eligible
ساعة_يد,1,0,False,class_not_eligible
ساعد,1,0,False,class_not_eligible
سافر,1,0,False,class_not_eligible
سال,1,0,False,class_not_eligible
ساه,1,0,False,class_not_eligible
سبب,1,0,False,class_not_eligible
سبح,1,0,False,class_not_eligible
سبورة,1,0,False,class_not_eligible
ستار,1,0,False,class_not_eligible
سجادة_الصلاة,1,0,False,class_not_eligible
سجن,1,0,False,class_not_eligible
سحابة,2,2,False,insufficient_processed_samples
سخان_مياه,1,0,False,class_not_eligible
سخر,1,0,False,class_not_eligible
سدس,1,0,False,class_not_eligible
سدي_غير_مجد,1,0,False,class_not_eligible
سرة,1,0,False,class_not_eligible
سرطان_حيوان_بحري,1,0,False,class_not_eligible
سروال,1,0,False,class_not_eligible
سروال_قصير,1,0,False,class_not_eligible
سرير,1,0,False,class_not_eligible
سرير_طفل,1,0,False,class_not_eligible
سريع,1,0,False,class_not_eligible
سطح,1,0,False,class_not_eligible
سطر,1,0,False,class_not_eligible
سعال,1,0,False,class_not_eligible
سفارة,1,0,False,class_not_eligible
سفينة,1,0,False,class_not_eligible
سقط,1,0,False,class_not_eligible
سقف,1,0,False,class_not_eligible
سكت,1,0,False,class_not_eligible
سكر,2,2,False,insufficient_processed_samples
سكسوفون,1,0,False,class_not_eligible
سكن,1,0,False,class_not_eligible
سكين,1,0,False,class_not_eligible
سل,1,0,False,class_not_eligible
سلا,1,0,False,class_not_eligible
سلحفاة,1,0,False,class_not_eligible
سلحفاة_بحرية,1,0,False,class_not_eligible
سلطة,1,0,False,class_not_eligible
سلف,2,2,False,insufficient_processed_samples
سلم,1,0,False,class_not_eligible
سلم_علي,1,0,False,class_not_eligible
سلم_متحرك,1,0,False,class_not_eligible
سماء,1,0,False,class_not_eligible
سماعة_الاصم,1,0,False,class_not_eligible
سماعة_الطبيب,1,0,False,class_not_eligible
سمع,2,2,False,insufficient_processed_samples
سمك,1,0,False,class_not_eligible
سمك_الراي,1,0,False,class_not_eligible
سمك_القرش,1,0,False,class_not_eligible
سن,1,0,False,class_not_eligible
سنة,1,0,False,class_not_eligible
سنجاب,1,0,False,class_not_eligible
سندويش,1,0,False,class_not_eligible
سنون,1,0,False,class_not_eligible
سنوي,1,0,False,class_not_eligible
سهل,2,2,False,insufficient_processed_samples
سهم,1,0,False,class_not_eligible
سوال,1,0,False,class_not_eligible
سورة,1,0,False,class_not_eligible
سوستة,1,0,False,class_not_eligible
سوق,5,5,True,
سياج,1,0,False,class_not_eligible
سيارة,1,0,False,class_not_eligible
سيارة_اجرة,1,0,False,class_not_eligible
سيارة_الاسعاف,1,0,False,class_not_eligible
سيارة_المطافي,1,0,False,class_not_eligible
سيجارة,1,0,False,class_not_eligible
سيدا,1,0,False,class_not_eligible
سيي_قبيح,1,0,False,class_not_eligible
سيية,1,0,False,class_not_eligible
شاب,1,0,False,class_not_eligible
شاحنة,1,0,False,class_not_eligible
شارع,1,0,False,class_not_eligible
شارك,1,0,False,class_not_eligible
شاطر,2,2,False,insufficient_processed_samples
شاطي,1,0,False,class_not_eligible
شامبو,1,0,False,class_not_eligible
شاي,1,0,False,class_not_eligible
شبيه,3,3,True,
شتنبر,2,2,False,insufficient_processed_samples
شجاع,1,0,False,class_not_eligible
شجرة,1,0,False,class_not_eligible
شجرة_الارز,1,0,False,class_not_eligible
شخص,1,0,False,class_not_eligible
شرب,1,0,False,class_not_eligible
شربة,1,0,False,class_not_eligible
شرطة,1,0,False,class_not_eligible
شرطي,4,4,True,
شرفة,1,0,False,class_not_eligible
شرق,1,0,False,class_not_eligible
شركة,1,0,False,class_not_eligible
شروق,1,0,False,class_not_eligible
شطرنج,1,0,False,class_not_eligible
شعبان,1,0,False,class_not_eligible
شعر,2,2,False,insufficient_processed_samples
شعرية,1,0,False,class_not_eligible
شفاء,1,0,False,class_not_eligible
شفاف,2,2,False,insufficient_processed_samples
شفاهي,1,0,False,class_not_eligible
شفة,1,0,False,class_not_eligible
شفشاون,1,0,False,class_not_eligible
شقي,1,0,False,class_not_eligible
شقيق,1,0,False,class_not_eligible
شكرا,2,2,False,insufficient_processed_samples
شلال,1,0,False,class_not_eligible
شلل_نصفي,1,0,False,class_not_eligible
شم,1,0,False,class_not_eligible
شمال,1,0,False,class_not_eligible
شمس,1,0,False,class_not_eligible
شمسية,1,0,False,class_not_eligible
شمعة,1,0,False,class_not_eligible
شهادة_العمل,1,0,False,class_not_eligible
شهر,2,2,False,insufficient_processed_samples
شوكة_اكل,1,0,False,class_not_eligible
شوكولاتة,1,0,False,class_not_eligible
شيطان,1,0,False,class_not_eligible
صابون,1,0,False,class_not_eligible
صالون,1,0,False,class_not_eligible
صايغ,1,0,False,class_not_eligible
صباح,2,2,False,insufficient_processed_samples
صباح_الخير,4,4,True,
صبن,1,0,False,class_not_eligible
صحة,1,0,False,class_not_eligible
صحراء,1,0,False,class_not_eligible
صحن,1,0,False,class_not_eligible
صحيح,1,0,False,class_not_eligible
صخرة,1,0,False,class_not_eligible
صدر,1,0,False,class_not_eligible
صدرية,1,0,False,class_not_eligible
صدقة,1,0,False,class_not_eligible
صديق,1,0,False,class_not_eligible
صديقة,1,0,False,class_not_eligible
صعب,1,0,False,class_not_eligible
صعد,1,0,False,class_not_eligible
صغير,1,0,False,class_not_eligible
صف,1,0,False,class_not_eligible
صفارة,1,0,False,class_not_eligible
صفحة,1,0,False,class_not_eligible
صفد,1,0,False,class_not_eligible
صفر_صفير,1,0,False,class_not_eligible
صفق,1,0,False,class_not_eligible
صفق_تصفيق_الصم,1,0,False,class_not_eligible
صقر,1,0,False,class_not_eligible
صلاة,1,0,False,class_not_eligible
صلب,1,0,False,class_not_eligible
صنارة,1,0,False,class_not_eligible
صنبور,1,0,False,class_not_eligible
صندوق,1,0,False,class_not_eligible
صندوق_قمامة,1,0,False,class_not_eligible
صوت,1,0,False,class_not_eligible
صورة_فوتوغرافية,1,0,False,class_not_eligible
صوف,1,0,False,class_not_eligible
صول,1,0,False,class_not_eligible
صومعة,1,0,False,class_not_eligible
صينية,1,0,False,class_not_eligible
ضابط_شرطة,1,0,False,class_not_eligible
ضباب,1,0,False,class_not_eligible
ضبع,2,2,False,insufficient_processed_samples
ضجيج,1,0,False,class_not_eligible
ضحك,1,0,False,class_not_eligible
ضد,2,2,False,insufficient_processed_samples
ضرب,1,0,False,class_not_eligible
ضرب_الاعداد,1,0,False,class_not_eligible
ضريبة,1,0,False,class_not_eligible
ضريح_محمد_الخامس,1,0,False,class_not_eligible
ضعف_البصر,2,2,False,insufficient_processed_samples
ضفدعة,2,2,False,insufficient_processed_samples
ضوء_السيارة,1,0,False,class_not_eligible
طابع_بريدي,1,0,False,class_not_eligible
طابق,1,0,False,class_not_eligible
طابق_ارضي,1,0,False,class_not_eligible
طابق_سفلي,1,0,False,class_not_eligible
طابق_علوي,1,0,False,class_not_eligible
طاجن,1,0,False,class_not_eligible
طار,1,0,False,class_not_eligible
طارد,1,0,False,class_not_eligible
طالع_قرء,1,0,False,class_not_eligible
طانطان_اشارة_1,1,0,False,class_not_eligible
طاوس,1,0,False,class_not_eligible
طاولة,1,0,False,class_not_eligible
طاير,1,0,False,class_not_eligible
طايرة,1,0,False,class_not_eligible
طبخ,1,0,False,class_not_eligible
طبعا,1,0,False,class_not_eligible
طبل,1,0,False,class_not_eligible
طبيب,1,0,False,class_not_eligible
طبيب_جراح,1,0,False,class_not_eligible
طبيب_خاص,1,0,False,class_not_eligible
طبيب_نفسي,1,0,False,class_not_eligible
طبيعة,1,0,False,class_not_eligible
طبيعي,1,0,False,class_not_eligible
طحين,3,3,True,
طربوش,1,0,False,class_not_eligible
طرح_الاعداد,1,0,False,class_not_eligible
طريق,2,2,False,insufficient_processed_samples
طعام,1,0,False,class_not_eligible
طلاق,2,2,False,insufficient_processed_samples
طلب,2,2,False,insufficient_processed_samples
طماطم,2,2,False,insufficient_processed_samples
طنجة,1,0,False,class_not_eligible
طنجرة_ضغط,1,0,False,class_not_eligible
طوب,1,0,False,class_not_eligible
طول,1,0,False,class_not_eligible
طويل,1,0,False,class_not_eligible
طيار,1,0,False,class_not_eligible
ظفر,1,0,False,class_not_eligible
ظهر,2,2,False,insufficient_processed_samples
عاد,2,2,False,insufficient_processed_samples
عاشق,1,0,False,class_not_eligible
عاشوراء,1,0,False,class_not_eligible
عاصفة,1,0,False,class_not_eligible
عاصمة,1,0,False,class_not_eligible
عالم,3,3,True,
عامل_تنظيف,1,0,False,class_not_eligible
عامل_منجم,1,0,False,class_not_eligible
عانق,1,0,False,class_not_eligible
عايلة_ملكية,1,0,False,class_not_eligible
عجل,1,0,False,class_not_eligible
عجلة,1,0,False,class_not_eligible
عجوز,1,0,False,class_not_eligible
عجين_اطفال,1,0,False,class_not_eligible
عجين_طحين,1,0,False,class_not_eligible
عداد_ماء_كهرباء,1,0,False,class_not_eligible
عدة,2,2,False,insufficient_processed_samples
عدس,1,0,False,class_not_eligible
عدل,1,0,False,class_not_eligible
عدم_لاشيء,1,0,False,class_not_eligible
عدو,2,2,False,insufficient_processed_samples
عربة,1,0,False,class_not_eligible
عربة_اطفال,1,0,False,class_not_eligible
عرف,1,0,False,class_not_eligible
عرق,1,0,False,class_not_eligible
عروسة,1,0,False,class_not_eligible
عسل,1,0,False,class_not_eligible
عش,1,0,False,class_not_eligible
عشاء,1,0,False,class_not_eligible
عشب,1,0,False,class_not_eligible
عشرة_دراهم,1,0,False,class_not_eligible
عشرون_درهما,1,0,False,class_not_eligible
عصارة,1,0,False,class_not_eligible
عصير,1,0,False,class_not_eligible
عض,1,0,False,class_not_eligible
عضلة,1,0,False,class_not_eligible
عطر,1,0,False,class_not_eligible
عطشان,1,0,False,class_not_eligible
عطلة,2,2,False,insufficient_processed_samples
عظم,2,2,False,insufficient_processed_samples
عفا,1,0,False,class_not_eligible
عقرب,1,0,False,class_not_eligible
عكاز,1,0,False,class_not_eligible
علاج,1,0,False,class_not_eligible
علامة_استفهام,1,0,False,class_not_eligible
علامة_التنصيص,1,0,False,class_not_eligible
علامة_تعجب,1,0,False,class_not_eligible
علم,2,2,False,insufficient_processed_samples
علي,2,2,False,insufficient_processed_samples
عم,1,0,False,class_not_eligible
عمارة,2,2,False,insufficient_processed_samples
عمامة,1,0,False,class_not_eligible
عمة,1,0,False,class_not_eligible
عمر,1,0,False,class_not_eligible
عمرة,1,0,False,class_not_eligible
عمل,1,0,False,class_not_eligible
عميق,1,0,False,class_not_eligible
عند,1,0,False,class_not_eligible
عنده,1,0,False,class_not_eligible
عندها,1,0,False,class_not_eligible
عندي,2,2,False,insufficient_processed_samples
عنق,1,0,False,class_not_eligible
عنكبوت,1,0,False,class_not_eligible
عنوان,3,3,True,
عنيد,1,0,False,class_not_eligible
عود_ثقاب,1,0,False,class_not_eligible
عيد,4,4,True,
عيد_الاستقلال,2,2,False,insufficient_processed_samples
عيد_الاضحي,2,2,False,insufficient_processed_samples
عيد_الشباب,2,2,False,insufficient_processed_samples
عيد_الفطر,2,2,False,insufficient_processed_samples
عيد_المولد_النبوي,1,0,False,class_not_eligible
عيد_الميلاد,2,2,False,insufficient_processed_samples
عين,1,0,False,class_not_eligible
عين_سحرية,1,0,False,class_not_eligible
غاضب,3,3,True,
غال,1,0,False,class_not_eligible
غايب,1,0,False,class_not_eligible
غبار,1,0,False,class_not_eligible
غدا,1,0,False,class_not_eligible
غذاء,1,0,False,class_not_eligible
غذي,1,0,False,class_not_eligible
غرب,1,0,False,class_not_eligible
غرفة,1,0,False,class_not_eligible
غرفة_الاكل,1,0,False,class_not_eligible
غرفة_الجلوس,1,0,False,class_not_eligible
غروب,1,0,False,class_not_eligible
غزال,2,2,False,insufficient_processed_samples
غزل_الصوف,1,0,False,class_not_eligible
غسل_السيارات,1,0,False,class_not_eligible
غسل_اليدين,1,0,False,class_not_eligible
غش,2,2,False,insufficient_processed_samples
غشت,3,3,True,
غصن,1,0,False,class_not_eligible
غطاء,1,0,False,class_not_eligible
غلاف_بلاستيكي,1,0,False,class_not_eligible
غلام,3,3,True,
غني,3,3,True,
غوريلا,1,0,False,class_not_eligible
غير,2,2,False,insufficient_processed_samples
فار,2,2,False,insufficient_processed_samples
فارة_الحاسوب,1,0,False,class_not_eligible
فارس,1,0,False,class_not_eligible
فارغ,2,2,False,insufficient_processed_samples
فاصلة,1,0,False,class_not_eligible
فاصلة_منقوطة,1,0,False,class_not_eligible
فاكس,1,0,False,class_not_eligible
فايدة,1,0,False,class_not_eligible
فايض,1,0,False,class_not_eligible
فبراير,2,2,False,insufficient_processed_samples
فتاح_القوارير,1,0,False,class_not_eligible
فتح,1,0,False,class_not_eligible
فترة,1,0,False,class_not_eligible
فتش,2,2,False,insufficient_processed_samples
فجاة,1,0,False,class_not_eligible
فجر,2,2,False,insufficient_processed_samples
فحص,1,0,False,class_not_eligible
فراشة,1,0,False,class_not_eligible
فراغ_وقت,1,0,False,class_not_eligible
فراولة,3,3,True,
فرح,1,0,False,class_not_eligible
فرس_النهر,1,0,False,class_not_eligible
فرشاة,1,0,False,class_not_eligible
فرشاة_الاسنان,1,0,False,class_not_eligible
فرن,1,0,False,class_not_eligible
فرن_الخبز,1,0,False,class_not_eligible
فطور,1,0,False,class_not_eligible
فعل,4,4,True,
فقاعة,1,0,False,class_not_eligible
فقر_الدم,1,0,False,class_not_eligible
فقير,1,0,False,class_not_eligible
فكر,1,0,False,class_not_eligible
فكرة,1,0,False,class_not_eligible
فلسطين,1,0,False,class_not_eligible
فلفل,1,0,False,class_not_eligible
فم,2,2,False,insufficient_processed_samples
فن,2,2,False,insufficient_processed_samples
فناء_خلفي,1,0,False,class_not_eligible
فناء_خلفي_1,2,0,False,class_not_eligible
فناء_خلفي_2,1,0,False,class_not_eligible
فنجان,1,0,False,class_not_eligible
فنجان_1,2,0,False,class_not_eligible
فندق,2,2,False,insufficient_processed_samples
فوطة,2,2,False,insufficient_processed_samples
فوق,1,0,False,class_not_eligible
فول,1,0,False,class_not_eligible
في,2,2,False,insufficient_processed_samples
في_اشارة_1_1,2,2,False,insufficient_processed_samples
في_اشارة_2_1,2,2,False,insufficient_processed_samples
فيتامين,1,0,False,class_not_eligible
فيتامين_1,2,0,False,class_not_eligible
فيسبوك,1,0,False,class_not_eligible
فيضان,1,0,False,class_not_eligible
فيل,1,0,False,class_not_eligible
فيلا,1,0,False,class_not_eligible
فيلا_اشارة_1_1,2,0,False,class_not_eligible
قاد,1,0,False,class_not_eligible
قاد_1,2,0,False,class_not_eligible
قاس,1,0,False,class_not_eligible
قاعة,1,0,False,class_not_eligible
قاعة_1,2,0,False,class_not_eligible
قاعة_الحفلات,1,0,False,class_not_eligible
قاعة_الدرس,1,0,False,class_not_eligible
قال,3,3,True,
قانون,1,0,False,class_not_eligible
قانون_السير,1,0,False,class_not_eligible
قايد_فريق,1,0,False,class_not_eligible
قبض,1,0,False,class_not_eligible
قبعة,2,2,False,insufficient_processed_samples
قبل,2,2,False,insufficient_processed_samples
قتل,1,0,False,class_not_eligible
قد,3,3,True,
قدم,2,2,False,insufficient_processed_samples
قديم_الزمن,1,0,False,class_not_eligible
قذر,1,0,False,class_not_eligible
قر,1,0,False,class_not_eligible
قرا,1,0,False,class_not_eligible
قرد,2,2,False,insufficient_processed_samples
قرنبيط,1,0,False,class_not_eligible
قريب,1,0,False,class_not_eligible
قريب_اهل,3,3,True,
قسم_المستعجلات,1,0,False,class_not_eligible
قشدة_طرية,1,0,False,class_not_eligible
قصبة_الاوداية,1,0,False,class_not_eligible
قصة,2,2,False,insufficient_processed_samples
قصر,1,0,False,class_not_eligible
قضاع_وجع_المعدة,1,0,False,class_not_eligible
قطار,1,0,False,class_not_eligible
قطار_الانفاق,1,0,False,class_not_eligible
قطة,1,0,False,class_not_eligible
قطرة_مطر,1,0,False,class_not_eligible
قطع,1,0,False,class_not_eligible
قفة,2,2,False,insufficient_processed_samples
قفز,1,0,False,class_not_eligible
قفص_الطيور,1,0,False,class_not_eligible
قلادة,1,0,False,class_not_eligible
قلعة,1,0,False,class_not_eligible
قلق,2,2,False,insufficient_processed_samples
قلم_الرصاص,2,2,False,insufficient_processed_samples
قلم_حبر,2,2,False,insufficient_processed_samples
قليل,1,0,False,class_not_eligible
قمة,1,0,False,class_not_eligible
قمر,1,0,False,class_not_eligible
قمر_اصطناعي,1,0,False,class_not_eligible
قميص,1,0,False,class_not_eligible
قميص_قصير_الاكمام,1,0,False,class_not_eligible
قناة_القران,1,0,False,class_not_eligible
قنص,1,0,False,class_not_eligible
قنفذ,1,0,False,class_not_eligible
قنينة_بلاستيكية,1,0,False,class_not_eligible
قنينة_زجاجية,1,0,False,class_not_eligible
قنينة_غاز,1,0,False,class_not_eligible
قهوة,1,0,False,class_not_eligible
قوس_قزح,2,2,False,insufficient_processed_samples
قوسان,1,0,False,class_not_eligible
قوي,1,0,False,class_not_eligible
قياس_السمع,1,0,False,class_not_eligible
قيثارة,1,0,False,class_not_eligible
قيلولة,1,0,False,class_not_eligible
كاس,2,2,False,insufficient_processed_samples
كاميرا_فيديو,2,2,False,insufficient_processed_samples
كان,1,0,False,class_not_eligible
كبح,1,0,False,class_not_eligible
كبير,1,0,False,class_not_eligible
كتاب,1,0,False,class_not_eligible
كتب,1,0,False,class_not_eligible
كتف,1,0,False,class_not_eligible
كثير,1,0,False,class_not_eligible
كرة,1,0,False,class_not_eligible
كرة_السلة,1,0,False,class_not_eligible
كرة_القدم,1,0,False,class_not_eligible
كرة_المضرب,1,0,False,class_not_eligible
كرة_اليد,1,0,False,class_not_eligible
كرسي,1,0,False,class_not_eligible
كرسي_عال,1,0,False,class_not_eligible
كرسي_هزاز,1,0,False,class_not_eligible
كسر,1,0,False,class_not_eligible
كسكس,1,0,False,class_not_eligible
كسوة,1,0,False,class_not_eligible
كسوف,1,0,False,class_not_eligible
كعب,1,0,False,class_not_eligible
كعكة,1,0,False,class_not_eligible
كفة_الميزان,1,0,False,class_not_eligible
كفتة,1,0,False,class_not_eligible
كل,2,2,False,insufficient_processed_samples
كلب,1,0,False,class_not_eligible
كلمة,1,0,False,class_not_eligible
كلمة_المرور,1,0,False,class_not_eligible
كلميم,1,0,False,class_not_eligible
كم,1,0,False,class_not_eligible
كمان,1,0,False,class_not_eligible
كمل,1,0,False,class_not_eligible
كناش_التعريف_والحالة_المدنية,1,0,False,class_not_eligible
كنزة,1,0,False,class_not_eligible
كنيسة,1,0,False,class_not_eligible
كهربايي,1,0,False,class_not_eligible
كوب_كبير,1,0,False,class_not_eligible
كولف,1,0,False,class_not_eligible
كيف,2,2,False,insufficient_processed_samples
كيلومتر,1,0,False,class_not_eligible
كيوي,1,0,False,class_not_eligible
كييب,1,0,False,class_not_eligible
لاحقا,1,0,False,class_not_eligible
لان,1,0,False,class_not_eligible
لبن,1,0,False,class_not_eligible
لتر,1,0,False,class_not_eligible
لحظة,1,0,False,class_not_eligible
لحم,2,2,False,insufficient_processed_samples
لحية_طويلة,1,0,False,class_not_eligible
لذيذ,2,2,False,insufficient_processed_samples
لسان,1,0,False,class_not_eligible
لطيف,1,0,False,class_not_eligible
لعب,1,0,False,class_not_eligible
لعبة,1,0,False,class_not_eligible
لعبة_الغميضة,1,0,False,class_not_eligible
لغة,1,0,False,class_not_eligible
لك,1,0,False,class_not_eligible
لكمة,1,0,False,class_not_eligible
لم,2,2,False,insufficient_processed_samples
لماذا,1,0,False,class_not_eligible
لمح,1,0,False,class_not_eligible
لمس,2,2,False,insufficient_processed_samples
لن,1,0,False,class_not_eligible
له,1,0,False,class_not_eligible
لها,1,0,False,class_not_eligible
لهاية,1,0,False,class_not_eligible
لهم,1,0,False,class_not_eligible
لوز,1,0,False,class_not_eligible
لون,6,6,True,
لي,1,0,False,class_not_eligible
ليبيا,1,0,False,class_not_eligible
ليس,2,2,False,insufficient_processed_samples
ليس_بعد,1,0,False,class_not_eligible
ليفة_الاستحمام,2,2,False,insufficient_processed_samples
ليل,2,2,False,insufficient_processed_samples
ماء,1,0,False,class_not_eligible
ماء_الورد,2,2,False,insufficient_processed_samples
ماذا,1,0,False,class_not_eligible
ماراطون,1,0,False,class_not_eligible
مارس,3,3,True,
ماكر,1,0,False,class_not_eligible
ماليزيا,1,0,False,class_not_eligible
مانجا,1,0,False,class_not_eligible
ماوي,1,0,False,class_not_eligible
ماي,3,3,True,
مايدة,1,0,False,class_not_eligible
مباراة,1,0,False,class_not_eligible
مباشرة,1,0,False,class_not_eligible
مبتل,2,2,False,insufficient_processed_samples
مبتهج,1,0,False,class_not_eligible
مبراة_اقلام,2,2,False,insufficient_processed_samples
مبشرة,1,0,False,class_not_eligible
متاخر,1,0,False,class_not_eligible
متجر,2,2,False,insufficient_processed_samples
متر,1,0,False,class_not_eligible
متسول,1,0,False,class_not_eligible
متعب,3,3,True,
متي,2,2,False,insufficient_processed_samples
مثقف,2,2,False,insufficient_processed_samples
مثلا,1,0,False,class_not_eligible
مثلث,1,0,False,class_not_eligible
مثلجات,1,0,False,class_not_eligible
مجتهد,2,2,False,insufficient_processed_samples
مجرفة,1,0,False,class_not_eligible
مجمد,1,0,False,class_not_eligible
مجموعة,1,0,False,class_not_eligible
محا,1,0,False,class_not_eligible
محافظة_عقارية,1,0,False,class_not_eligible
محام,2,2,False,insufficient_processed_samples
محايد,1,0,False,class_not_eligible
محراث,1,0,False,class_not_eligible
محطة_الوقود,1,0,False,class_not_eligible
محفظة,1,0,False,class_not_eligible
محكمة,1,0,False,class_not_eligible
محكمة_ابتدايية,1,0,False,class_not_eligible
محكمة_استيناف,1,0,False,class_not_eligible
محمد_الخامس,1,0,False,class_not_eligible
محمد_صلي_الله_عليه_وسلم,1,0,False,class_not_eligible
مختلف,1,0,False,class_not_eligible
مدرسة,3,3,True,
مدفاة,1,0,False,class_not_eligible
مدن_الصفيح,4,4,True,
مدير_مدرسة,2,2,False,insufficient_processed_samples
مدينة,2,2,False,insufficient_processed_samples
مر,1,0,False,class_not_eligible
مراب,2,2,False,insufficient_processed_samples
مراة,1,0,False,class_not_eligible
مرافقة,1,0,False,class_not_eligible
مراكش,1,0,False,class_not_eligible
مراهق,2,2,False,insufficient_processed_samples
مراهنة,1,0,False,class_not_eligible
مربي,1,0,False,class_not_eligible
مرح,1,0,False,class_not_eligible
مرحاض,3,3,True,
مرحبا,1,0,False,class_not_eligible
مرض_الاعصاب,1,0,False,class_not_eligible
مرض_الجلد,1,0,False,class_not_eligible
مرض_الحكة,1,0,False,class_not_eligible
مرض_السرطان,1,0,False,class_not_eligible
مرض_السكري,2,2,False,insufficient_processed_samples
مرفق,1,0,False,class_not_eligible
مرق,1,0,False,class_not_eligible
مركب_شراعي,1,0,False,class_not_eligible
مركز,2,2,False,insufficient_processed_samples
مركز_الشرطة,1,0,False,class_not_eligible
مركز_تجاري,1,0,False,class_not_eligible
مرهم,1,0,False,class_not_eligible
مروحة,1,0,False,class_not_eligible
مريض,1,0,False,class_not_eligible
مريلة_صدارالطفل,1,0,False,class_not_eligible
مريلة_لحماية_الملابس_عند_الطبخ,1,0,False,class_not_eligible
مزاد_علني,1,0,False,class_not_eligible
مزج,1,0,False,class_not_eligible
مزح,1,0,False,class_not_eligible
مزق,1,0,False,class_not_eligible
مزمار,1,0,False,class_not_eligible
مزهرية,1,0,False,class_not_eligible
مساء,1,0,False,class_not_eligible
مسابقة,1,0,False,class_not_eligible
مساحة_زجاج_السيارة,1,0,False,class_not_eligible
مساعدة,1,0,False,class_not_eligible
مسايفة,1,0,False,class_not_eligible
مسبح,1,0,False,class_not_eligible
مستحيل,2,2,False,insufficient_processed_samples
مستشار,2,2,False,insufficient_processed_samples
مستشفي,2,2,False,insufficient_processed_samples
مستوصف,2,2,False,insufficient_processed_samples
مستوي,1,0,False,class_not_eligible
مسجد,1,0,False,class_not_eligible
مسح,1,0,False,class_not_eligible
مسطرة,1,0,False,class_not_eligible
مسمار,1,0,False,class_not_eligible
مسوول_مسوول_سام,1,0,False,class_not_eligible
مشحن,1,0,False,class_not_eligible
مشط,1,0,False,class_not_eligible
مشغول,4,4,True,
مشلول,1,0,False,class_not_eligible
مشهور,2,2,False,insufficient_processed_samples
مشواة,1,0,False,class_not_eligible
مشي,1,0,False,class_not_eligible
مصارعة_الثيران,1,0,False,class_not_eligible
مصباح,1,0,False,class_not_eligible
مصبغة,1,0,False,class_not_eligible
مصعد,1,0,False,class_not_eligible
مصمم_تصميم,1,0,False,class_not_eligible
مضغ,1,0,False,class_not_eligible
مطبخ,2,2,False,insufficient_processed_samples
مطبعة,1,0,False,class_not_eligible
مطر,1,0,False,class_not_eligible
مطرقة,1,0,False,class_not_eligible
مطعم,1,0,False,class_not_eligible
مظلة,1,0,False,class_not_eligible
مظلم,1,0,False,class_not_eligible
مع,1,0,False,class_not_eligible
معا,2,2,False,insufficient_processed_samples
معطف,1,0,False,class_not_eligible
معطل,1,0,False,class_not_eligible
معقوفتان,1,0,False,class_not_eligible
معكرونة,2,2,False,insufficient_processed_samples
مغسل,1,0,False,class_not_eligible
مغناطيس,1,0,False,class_not_eligible
مفتاح,1,0,False,class_not_eligible
مفتاح_علب,1,0,False,class_not_eligible
مفتش_تربوي,3,3,True,
مفرقعة,1,0,False,class_not_eligible
مقاطعة,1,0,False,class_not_eligible
مقبرة,2,2,False,insufficient_processed_samples
مقدم_الحي,1,0,False,class_not_eligible
مقزز,1,0,False,class_not_eligible
مقص,1,0,False,class_not_eligible
مقص_اظافر,1,0,False,class_not_eligible
مقص_الحديقة,1,0,False,class_not_eligible
مقلاة,1,0,False,class_not_eligible
مقلمة,1,0,False,class_not_eligible
مقهي,1,0,False,class_not_eligible
مقود,1,0,False,class_not_eligible
مقياس_الحرارة,1,0,False,class_not_eligible
مكان,1,0,False,class_not_eligible
مكتب,2,2,False,insufficient_processed_samples
مكتب_البريد,1,0,False,class_not_eligible
مكتبة,1,0,False,class_not_eligible
مكسرات,1,0,False,class_not_eligible
مكعبات,2,2,False,insufficient_processed_samples
مكنسة,1,0,False,class_not_eligible
مكواة,1,0,False,class_not_eligible
مكيف_هوايي,1,0,False,class_not_eligible
ملا,2,2,False,insufficient_processed_samples
ملابس,1,0,False,class_not_eligible
ملاكمة,1,0,False,class_not_eligible
ملح,2,2,False,insufficient_processed_samples
ملعب,1,0,False,class_not_eligible
ملعقة,1,0,False,class_not_eligible
ملف,2,2,False,insufficient_processed_samples
ملك,2,2,False,insufficient_processed_samples
ملكة_جمال_العالم,2,2,False,insufficient_processed_samples
مليلية,1,0,False,class_not_eligible
ممتلي,1,0,False,class_not_eligible
ممر,1,0,False,class_not_eligible
ممرضة,3,3,True,
ممنوع,1,0,False,class_not_eligible
من,3,3,True,
منامة,1,0,False,class_not_eligible
منبه,1,0,False,class_not_eligible
منبه_السيارة,1,0,False,class_not_eligible
منتزه,1,0,False,class_not_eligible
منتشر,1,0,False,class_not_eligible
منجل,1,0,False,class_not_eligible
منحة_دراسية,1,0,False,class_not_eligible
منديل,1,0,False,class_not_eligible
منزعج,1,0,False,class_not_eligible
منزل,1,0,False,class_not_eligible
منشار_سلسلي,1,0,False,class_not_eligible
منضبط,1,0,False,class_not_eligible
منظار,1,0,False,class_not_eligible
منفضة_السجاير,1,0,False,class_not_eligible
منقار,1,0,False,class_not_eligible
مهذب,1,0,False,class_not_eligible
مهر,1,0,False,class_not_eligible
مهرجان,1,0,False,class_not_eligible
مهم,2,2,False,insufficient_processed_samples
مهندس_معماري,1,0,False,class_not_eligible
موتمر,1,0,False,class_not_eligible
موج,2,2,False,insufficient_processed_samples
موجود,2,2,False,insufficient_processed_samples
موز,1,0,False,class_not_eligible
موسسة_محمد_الخامس_للتضامن,1,0,False,class_not_eligible
موسي_عليه_السلام,1,0,False,class_not_eligible
موسيقي,1,0,False,class_not_eligible
موضة,2,2,False,insufficient_processed_samples
مولدة,1,0,False,class_not_eligible
مية_درهم,1,0,False,class_not_eligible
ميكانيكي,1,0,False,class_not_eligible
ميناء,1,0,False,class_not_eligible
نادي,5,5,True,
ناس,1,0,False,class_not_eligible
ناعم,1,0,False,class_not_eligible
نافذة,1,0,False,class_not_eligible
نافورة,1,0,False,class_not_eligible
ناقة,1,0,False,class_not_eligible
ناقش,2,2,False,insufficient_processed_samples
ناقص,1,0,False,class_not_eligible
نبات,1,0,False,class_not_eligible
نبت,1,0,False,class_not_eligible
نتن,2,2,False,insufficient_processed_samples
نجدة,1,0,False,class_not_eligible
نجم,1,0,False,class_not_eligible
نحلة,1,0,False,class_not_eligible
نحن,1,0,False,class_not_eligible
نحيف,3,3,True,
نخلة,1,0,False,class_not_eligible
ندم,1,0,False,class_not_eligible
ندي,1,0,False,class_not_eligible
نزع_الاسنان,1,0,False,class_not_eligible
نزل,1,0,False,class_not_eligible
نسبة_ميوية,2,2,False,insufficient_processed_samples
نسخ,1,0,False,class_not_eligible
نسي,2,2,False,insufficient_processed_samples
نشاط,1,0,False,class_not_eligible
نشيد_وطني,1,0,False,class_not_eligible
نصح,4,4,True,
نصف,2,2,False,insufficient_processed_samples
نصف_داخلي,1,0,False,class_not_eligible
نصف_دايرة,2,2,False,insufficient_processed_samples
نظارة,1,0,False,class_not_eligible
نظام,3,3,True,
نظر,2,2,False,insufficient_processed_samples
نظيف,2,2,False,insufficient_processed_samples
نعامة,1,0,False,class_not_eligible
نعجة,1,0,False,class_not_eligible
نعل,1,0,False,class_not_eligible
نعم,1,0,False,class_not_eligible
نفاية,2,2,False,insufficient_processed_samples
نفق,1,0,False,class_not_eligible
نقابة,1,0,False,class_not_eligible
نقانق,1,0,False,class_not_eligible
نقطة,1,0,False,class_not_eligible
نقطة_نظام,1,0,False,class_not_eligible
نقطتان,1,0,False,class_not_eligible
نقود,1,0,False,class_not_eligible
نمر,1,0,False,class_not_eligible
نملة,1,0,False,class_not_eligible
نميمة,1,0,False,class_not_eligible
نهار,1,0,False,class_not_eligible
نهاية,2,2,False,insufficient_processed_samples
نهر,1,0,False,class_not_eligible
نوح_عليه_السلام,1,0,False,class_not_eligible
نوم,2,2,False,insufficient_processed_samples
نونبر,2,2,False,insufficient_processed_samples
نيزك,1,0,False,class_not_eligible
نيويورك,1,0,False,class_not_eligible
هاتف,1,0,False,class_not_eligible
هاتف_نقال,1,0,False,class_not_eligible
هامبرغر,1,0,False,class_not_eligible
هب,2,2,False,insufficient_processed_samples
هدية,3,3,True,
هذا,2,2,False,insufficient_processed_samples
هذه,2,2,False,insufficient_processed_samples
هرب,1,0,False,class_not_eligible
هرمونيكا,1,0,False,class_not_eligible
هريرة,1,0,False,class_not_eligible
هش,1,0,False,class_not_eligible
هضبة,2,2,False,insufficient_processed_samples
هكذا,1,0,False,class_not_eligible
هل,2,2,False,insufficient_processed_samples
هلالية,1,0,False,class_not_eligible
هم,2,2,False,insufficient_processed_samples
هن,1,0,False,class_not_eligible
هنا,2,2,False,insufficient_processed_samples
هناك,1,0,False,class_not_eligible
هو,2,2,False,insufficient_processed_samples
هواء,1,0,False,class_not_eligible
هوايي,1,0,False,class_not_eligible
هولندا,1,0,False,class_not_eligible
هي,1,0,False,class_not_eligible
هيا,1,0,False,class_not_eligible
هيكل_عظمي,2,2,False,insufficient_processed_samples
واجب,1,0,False,class_not_eligible
واسع,1,0,False,class_not_eligible
واسي,1,0,False,class_not_eligible
واشنطن,1,0,False,class_not_eligible
وافق,1,0,False,class_not_eligible
وال,1,0,False,class_not_eligible
وجد,1,0,False,class_not_eligible
وجدة,1,0,False,class_not_eligible
وجه,1,0,False,class_not_eligible
وحيد,1,0,False,class_not_eligible
وحيد_القرن,1,0,False,class_not_eligible
وداع,1,0,False,class_not_eligible
ورقة,1,0,False,class_not_eligible
وزارة,1,0,False,class_not_eligible
وزارة_الاسكان,1,0,False,class_not_eligible
وزارة_التشغيل,1,0,False,class_not_eligible
وزارة_الشبيبة_والرياضة,1,0,False,class_not_eligible
وزارة_العدل,1,0,False,class_not_eligible
وزارة_المالية,1,0,False,class_not_eligible
وزان,1,0,False,class_not_eligible
وزع,2,2,False,insufficient_processed_samples
وزير,1,0,False,class_not_eligible
وسادة,1,0,False,class_not_eligible
وسام,1,0,False,class_not_eligible
وشاح,1,0,False,class_not_eligible
وصفة_طبية,1,0,False,class_not_eligible
وصل,1,0,False,class_not_eligible
وضع,1,0,False,class_not_eligible
وطن,1,0,False,class_not_eligible
وعاء,1,0,False,class_not_eligible
وقت,1,0,False,class_not_eligible
وقف,1,0,False,class_not_eligible
ولادة,2,2,False,insufficient_processed_samples
يد,1,0,False,class_not_eligible
يدوي,1,0,False,class_not_eligible
يناير,2,2,False,insufficient_processed_samples
يورو,1,0,False,class_not_eligible
يوليوز,3,3,True,
يوم,3,3,True,
يومية,2,2,False,insufficient_processed_samples
يونس_عليه_السلام,1,0,False,class_not_eligible
يونيو,3,3,True,
